doctor_id,name,gender,age,specialization
1,Daffy Jagoe,Female,31,Cardiology
2,Moselle Chant,Female,56,Pulmonology
3,Mariele Rittelmeyer,Female,48,Occupational medicine
4,Giff Holberry,Male,36,Internal medicine
5,Angelico Lergan,Male,37,Pulmonology
6,Moselle Van Brug,Female,52,Occupational medicine
7,Harcourt Lethby,Male,51,Orthopedics
8,Brod Flamank,Male,56,Radiology
9,Cesaro Bosket,Male,40,Neurology
10,Shellie Aspinal,Female,32,Orthopedics
11,Charin Dabinett,Female,31,Occupational medicine
12,Marcus Kleinsmuntz,Male,53,Pathology
13,Sandro Chiswell,Male,37,Pathology
14,Boothe Tunnock,Male,56,Radiology
15,Agosto Lodovichi,Male,35,Otorhinolaryngology
16,Julio Ball,Male,58,Pediatrics
17,Berton Rabb,Male,50,Surgery
18,Austin Lackington,Female,36,Family medicine
19,Charlean Paffitt,Female,37,Emergency medicine
20,Madlen Brack,Female,32,Immunology
21,Merell Troillet,Male,50,Orthopedics
22,Sandro Crosland,Male,31,Anesthesiology
23,Sonia Bent,Female,41,Pulmonology
24,Cindelyn McGaughie,Female,47,Family medicine
25,Berny Tourner,Female,55,Emergency medicine
26,Cris Rudinger,Male,45,Pathology
27,Denice McKinstry,Female,49,Pathology
28,Kelsy Iskower,Female,42,Anesthesiology
29,Ryann Craister,Female,52,Pulmonology
30,Alexio Daunay,Male,55,Cardiology
31,Cammie des Remedios,Female,51,Pulmonology
32,Merrel Blunderfield,Male,47,Family medicine
33,Jillie Tillot,Female,57,Pulmonology
34,Margarette Flewin,Female,52,Otorhinolaryngology
35,Cyndi McKinlay,Female,47,Anesthesiology
36,Josefa Vickarman,Female,53,Emergency medicine
37,Zorana Standall,Female,37,Otorhinolaryngology
38,Joaquin McNellis,Male,57,Surgery
39,Milly Mepsted,Female,39,Geriatrics
40,Keen Jansens,Male,52,Pathology
41,Corilla Savile,Female,31,Internal medicine
42,Meredeth Huffy,Male,37,Pathology
43,Jone Goodhall,Male,57,Immunology
44,Isabel Tureville,Female,38,Immunology
45,Mikol Brigden,Male,43,Family medicine
46,Derick Garham,Male,34,Rheumatology
47,Stavro Gelardi,Male,59,Internal medicine
48,Ingaberg Binks,Female,49,Immunology
49,Lyell Nason,Male,39,Surgery
50,Sayre Polendine,Female,49,Pediatrics
51,Wash Gounard,Male,41,Neurology
52,Edik Burtwhistle,Male,37,Family medicine
53,Shirlene Matei,Female,49,Pediatrics
54,Ira Bywaters,Male,35,Anesthesiology
55,Norma Parsonson,Female,48,Urology
56,Mona Stuehmeyer,Female,53,Urology
57,Cassie Stormonth,Male,51,Orthopedics
58,Cicely Pickersgill,Female,57,Immunology
59,Aida Carrell,Female,47,Anesthesiology
60,Stillmann Grady,Male,47,Internal medicine
61,Konstantin Esposita,Male,50,Family medicine
62,Daniella Mattys,Female,58,Otorhinolaryngology
63,Fern Clere,Female,55,Urology
64,Winna Slyde,Female,54,Orthopedics
65,Roselia Arsey,Female,42,Otorhinolaryngology
66,Jasun Kleanthous,Male,37,Gastroenterology
67,Shaughn Yacob,Male,53,Emergency medicine
68,Selestina Leveret,Female,56,Surgery
69,Ellette Smeaton,Female,47,Radiology
70,Hoyt Quesne,Male,59,Neurology
71,Rosene Mignot,Female,47,Immunology
72,Teriann Eagling,Female,33,Immunology
73,Adelbert Jealous,Male,52,Rheumatology
74,De witt Smallthwaite,Male,34,Radiology
75,Fernandina Edinburgh,Female,50,Geriatrics
76,Sherill Stuehmeyer,Female,41,Rheumatology
77,Markos Boothebie,Male,39,Gastroenterology
78,Jacenta Aynsley,Female,39,Immunology
79,Carmine Claibourn,Female,33,Otorhinolaryngology
80,Maighdiln Matveiko,Female,45,Otorhinolaryngology
81,Lee MacIlriach,Male,31,Immunology
82,Berton Liverseege,Male,48,Emergency medicine
83,Brandy Antonich,Male,31,Internal medicine
84,Fulvia Peiro,Female,39,Neurology
85,Minta Skellorne,Female,41,Internal medicine
86,Georges Skin,Male,36,Pathology
87,Darn Zoanetti,Male,58,Emergency medicine
88,Fernandina Tite,Female,35,Urology
89,Margy Fielding,Female,33,Pulmonology
90,Westley Dax,Male,48,Rheumatology
91,Maury Form,Male,38,Radiology
92,Konstance Ganforth,Female,40,Emergency medicine
93,Ezri Iacovaccio,Male,52,Radiology
94,Pryce Andree,Male,31,Anesthesiology
95,Clementia Shortland,Female,30,Internal medicine
96,Leshia Hansie,Female,48,Internal medicine
97,Brigida Dorken,Female,31,Cardiology
98,Angelle McLugaish,Female,32,Anesthesiology
99,Shanon Benoy,Female,45,Radiology
100,Rollie Jozwicki,Male,49,Orthopedics
101,Jolene Case,Female,55,Emergency medicine
102,Nanette Sket,Female,56,Rheumatology
103,Guenna Crop,Female,45,Geriatrics
104,Melly Semiras,Female,31,Gastroenterology
105,Irving Gerhartz,Male,57,Pathology
106,Carr Dawber,Male,33,Neurology
107,Nickola Cunniam,Male,43,Pediatrics
108,Keefer Tuckey,Male,53,Neurology
109,Sibyl McDonand,Female,30,Surgery
110,Carlotta Cardinale,Female,37,Radiology
111,Cathi Hartington,Female,45,Neurology
112,Lenora Rosenfeld,Female,53,Geriatrics
113,Victoir Pontin,Male,33,Orthopedics
114,Brandice Pearne,Female,35,Neurology
115,Ginger Perkin,Male,35,Cardiology
116,Olivette McCoy,Female,56,Emergency medicine
117,Iain Mower,Male,55,Neurology
118,Euell Chiverton,Male,52,Geriatrics
119,Freddie Padley,Male,35,Internal medicine
120,Nicolette Brozsset,Female,39,Pediatrics
121,Yorker Claybourne,Male,45,Radiology
122,Bertina Glasebrook,Female,52,Emergency medicine
123,Alvan Maier,Male,60,Pediatrics
124,Margret Blanche,Female,54,Pathology
125,Quint Chaulk,Male,57,Pulmonology
126,Alistair Loomes,Male,53,Anesthesiology
127,Virgil Veivers,Male,39,Radiology
128,Demetris Davenall,Male,36,Family medicine
129,Flossi McClure,Female,49,Orthopedics
130,Viviyan Cleeve,Female,60,Emergency medicine
131,Wendall Backshaw,Male,39,Otorhinolaryngology
132,Eleonore Damp,Female,58,Emergency medicine
133,Janean Jermyn,Female,32,Anesthesiology
134,Josey Decort,Female,58,Cardiology
135,Massimiliano McMurraya,Male,60,Family medicine
136,Rhodia Gorce,Female,58,Family medicine
137,Junia Brisseau,Female,58,Surgery
138,Florance Jagielski,Female,47,Pediatrics
139,Meier Barker,Male,41,Pediatrics
140,Reena Johnsee,Female,41,Otorhinolaryngology
141,Herman Ede,Male,53,Neurology
142,Dulcie Chesshire,Female,34,Otorhinolaryngology
143,Margot Hurst,Female,38,Pulmonology
144,Tod Dyde,Male,53,Otorhinolaryngology
145,Regan Cashford,Male,32,Anesthesiology
146,Simon Sipson,Male,56,Otorhinolaryngology
147,Roxanna Mouth,Female,46,Surgery
148,Zonda Gallard,Female,52,Gastroenterology
149,Andras McAndrew,Male,49,Internal medicine
150,Geoff Toten,Male,58,Orthopedics
151,Diego Swaisland,Male,32,Family medicine
152,Welch Dusting,Male,37,Geriatrics
153,Samuele Delwater,Male,58,Urology
154,Fran Boddington,Male,37,Otorhinolaryngology
155,Petra Bramford,Female,57,Pathology
156,Mignonne Necolds,Female,47,Otorhinolaryngology
157,Thekla Lagneaux,Female,43,Rheumatology
158,Caesar Cousin,Male,53,Pediatrics
159,Charles Coultas,Male,38,Surgery
160,Efren Syne,Male,60,Pediatrics
161,Ester Abrami,Female,54,Family medicine
162,Vasily Osbaldeston,Male,44,Radiology
163,Tobey Blaasch,Female,47,Neurology
164,Lyon Fritzer,Male,32,Rheumatology
165,Erie Caukill,Male,32,Cardiology
166,Hannis Hannigane,Female,48,Pulmonology
167,Marlyn McGuggy,Female,34,Radiology
168,Giulia Dymond,Female,43,Urology
169,Sigismond Arington,Male,30,Urology
170,Stevana Traynor,Female,44,Geriatrics
171,Isiahi Sobieski,Male,31,Cardiology
172,Violet Otton,Female,41,Radiology
173,Euphemia Berringer,Female,57,Otorhinolaryngology
174,Malinda Devinn,Female,44,Pulmonology
175,Lorena Cosgrave,Female,31,Geriatrics
176,Zaria Swinney,Female,34,Rheumatology
177,Ruthie Biggs,Female,44,Pathology
178,Marwin Placidi,Male,38,Radiology
179,Heddi Ousley,Female,35,Otorhinolaryngology
180,Mina Cowdrey,Female,30,Geriatrics
181,Neysa Guidi,Female,34,Pediatrics
182,Corney Stroobant,Male,36,Otorhinolaryngology
183,Nathanial Francillo,Male,58,Pediatrics
184,Jonell Richemond,Female,58,Urology
185,Oby Pledger,Male,55,Radiology
186,Sayre Falkous,Male,31,Gastroenterology
187,Nefen Trevan,Male,48,Pulmonology
188,Gaultiero Graves,Male,52,Pathology
189,Martica Bartos,Female,45,Radiology
190,Hermia Marzello,Female,60,Orthopedics
191,Lonnard Navein,Male,46,Neurology
192,Leland Lindemann,Male,36,Anesthesiology
193,Aigneis Travers,Female,36,Internal medicine
194,Farleigh Vedeneev,Male,33,Emergency medicine
195,Courtnay Attfield,Male,54,Pediatrics
196,Mildred Pinwell,Female,39,Family medicine
197,Kliment Balnaves,Male,53,Pulmonology
198,Perl Pichan,Female,37,Pulmonology
199,Elora Sturgeon,Female,43,Pediatrics
200,Doti Gettings,Female,60,Radiology
201,Werner Lively,Male,45,Anesthesiology
202,Courtney Lonie,Male,40,Anesthesiology
203,Ardella Boshard,Female,31,Occupational medicine
204,Trixi Jaulmes,Female,51,Cardiology
205,Bill Scardafield,Male,39,Gastroenterology
206,Theo Cowdery,Female,39,Radiology
207,Jannel Mansour,Female,57,Pulmonology
208,Agnese Johananov,Female,32,Family medicine
209,Corbin Sinderson,Male,60,Internal medicine
210,Arty Torrans,Male,59,Otorhinolaryngology
211,Jereme Abbiss,Male,59,Pathology
212,Stephie Venton,Female,49,Otorhinolaryngology
213,Florence Pickless,Female,41,Anesthesiology
214,Gottfried Winslade,Male,39,Anesthesiology
215,Herculie Lennox,Male,52,Emergency medicine
216,Tait Hanway,Male,36,Urology
217,Sileas Penk,Female,40,Radiology
218,Kelwin Hagger,Male,59,Urology
219,Gwyneth Pridgeon,Female,60,Geriatrics
220,Donn Savill,Male,58,Otorhinolaryngology
221,Carlie Franke,Male,49,Internal medicine
222,Mark Westrey,Male,38,Geriatrics
223,Diahann Morson,Female,38,Urology
224,Giffy Shailer,Male,54,Gastroenterology
225,Leopold Shoobridge,Male,51,Cardiology
226,Andie Pund,Female,47,Neurology
227,Engelbert Daville,Male,34,Urology
228,Pooh Stocking,Female,60,Otorhinolaryngology
229,Bliss Camings,Female,38,Gastroenterology
230,Chrotoem Jevon,Male,32,Otorhinolaryngology
231,Penn Sheppard,Male,38,Cardiology
232,Drew Veck,Male,36,Urology
233,Bastian Ree,Male,40,Orthopedics
234,Vonny Hollingsbee,Female,35,Geriatrics
235,Nathalie Heatley,Female,51,Occupational medicine
236,Micheline Aubri,Female,36,Pediatrics
237,Aylmer Blaik,Male,40,Geriatrics
238,Dermot Ruffler,Male,36,Orthopedics
239,Tab Bolwell,Male,31,Surgery
240,Jorge Duchesne,Male,45,Geriatrics
241,Alleyn Jeanet,Male,53,Rheumatology
242,Chelsey Alessandrelli,Female,31,Neurology
243,Tully O'Codihie,Male,57,Geriatrics
244,Symon Issatt,Male,32,Surgery
245,Burch Fuster,Male,59,Pathology
246,Rana Abrams,Female,56,Pediatrics
247,Philbert DeSousa,Male,36,Radiology
248,Jodie Kilgannon,Male,39,Anesthesiology
249,Alexis Caudrey,Male,50,Emergency medicine
250,Raquel Rossoni,Female,58,Anesthesiology
251,Orelia Lamborne,Female,33,Cardiology
252,Marcella Davet,Female,57,Rheumatology
253,Kristien Sodor,Female,54,Rheumatology
254,Hermie Dow,Male,48,Occupational medicine
255,Abey Theml,Male,48,Pulmonology
256,Abramo Weatherby,Male,41,Anesthesiology
257,Mavis Denerley,Female,43,Emergency medicine
258,Devland Etty,Male,46,Urology
259,Daron Giacopetti,Male,34,Orthopedics
260,Elita Breakey,Female,53,Cardiology
261,Tildi Shreenan,Female,58,Radiology
262,Lydia Sargeaunt,Female,37,Pulmonology
263,Bradly Wallas,Male,59,Geriatrics
264,Humbert Vsanelli,Male,44,Occupational medicine
265,Kathlin Daubeny,Female,35,Urology
266,Lars Maw,Male,56,Family medicine
267,Johannah Grimsdell,Female,52,Family medicine
268,Angelico Alker,Male,44,Otorhinolaryngology
269,Ralph Ingamells,Male,37,Otorhinolaryngology
270,Veriee Michelet,Female,57,Radiology
271,Kristina Wallbrook,Female,43,Immunology
272,Jillayne Laba,Female,34,Neurology
273,Farr Fideler,Male,58,Radiology
274,Quentin Gerlack,Female,38,Immunology
275,Doti Rawdales,Female,30,Pediatrics
276,Lorin O'Cahey,Male,47,Internal medicine
277,Yorgo Trenam,Male,41,Pulmonology
278,Terese Kersting,Female,58,Orthopedics
279,Blinny Snewin,Female,59,Internal medicine
280,Marty Sweet,Female,50,Radiology
281,Malorie Bacop,Female,54,Radiology
282,Wilfred Andreacci,Male,54,Pulmonology
283,Toma Brouard,Female,41,Radiology
284,Carilyn Bardwall,Female,58,Immunology
285,Llywellyn Cescon,Male,43,Occupational medicine
286,Ellis Tod,Male,59,Radiology
287,Ellis Pirnie,Male,43,Orthopedics
288,Dun Bottlestone,Male,57,Gastroenterology
289,Maryjane Hargroves,Female,53,Pulmonology
290,Camala Keene,Female,59,Geriatrics
291,Tate Kerridge,Male,44,Urology
292,Orton Figge,Male,41,Surgery
293,Lyndsie Domenici,Female,58,Anesthesiology
294,Anna-diana Hake,Female,47,Rheumatology
295,Cherey Radnedge,Female,35,Radiology
296,Gisele Haglinton,Female,52,Surgery
297,Kylynn Aishford,Female,59,Occupational medicine
298,Hagen Maliphant,Male,36,Occupational medicine
299,Thaddeus Brugden,Male,54,Cardiology
300,Anabella Foddy,Female,37,Neurology
301,Lee Martignon,Male,53,Family medicine
302,Karoly Vynarde,Male,45,Pediatrics
303,Isidora Plain,Female,53,Otorhinolaryngology
304,Pall Heald,Male,35,Pulmonology
305,Sandor Hendin,Male,60,Pediatrics
306,Otto Brigshaw,Male,58,Cardiology
307,Hubie Dyott,Male,30,Neurology
308,Emile Saull,Male,44,Radiology
309,Karrah Ducroe,Female,49,Rheumatology
310,Kirk Domeny,Male,52,Otorhinolaryngology
311,Antonietta Davidou,Female,30,Cardiology
312,Hilly Gravy,Male,32,Surgery
313,Hallie Blazey,Female,47,Pathology
314,Ethyl Daville,Female,33,Pediatrics
315,Dorotea Sillick,Female,31,Pediatrics
316,Elsworth Pancast,Male,47,Pediatrics
317,Sammy Cleeves,Female,43,Cardiology
318,Putnam Meynell,Male,60,Surgery
319,Alec Silber,Male,47,Geriatrics
320,Hewitt Timcke,Male,37,Immunology
321,Derek Pauletto,Male,34,Anesthesiology
322,Daloris Ceyssen,Female,32,Internal medicine
323,Alli Edgler,Female,52,Otorhinolaryngology
324,Damian Capin,Male,52,Orthopedics
325,Meridith Woodlands,Female,52,Anesthesiology
326,Anson Ferneyhough,Male,57,Pathology
327,Belle Blinckhorne,Female,55,Occupational medicine
328,Karia Fairey,Female,39,Internal medicine
329,Dalton Dermot,Male,38,Rheumatology
330,Thane Hucker,Male,48,Pediatrics
331,Eada Postians,Female,36,Radiology
332,Emmaline O'Dyvoy,Female,32,Orthopedics
333,Seth Exelby,Male,49,Surgery
334,Georgeta MacElroy,Female,54,Family medicine
335,Agata Martindale,Female,32,Anesthesiology
336,Gherardo Grimston,Male,58,Occupational medicine
337,Neron Calf,Male,45,Gastroenterology
338,Tobit Dundredge,Male,59,Internal medicine
339,Tierney Lideard,Female,60,Internal medicine
340,Renato Smethurst,Male,46,Immunology
341,Alida Bulward,Female,59,Surgery
342,Agnes Renzullo,Female,41,Rheumatology
343,Emlen Bigley,Male,43,Rheumatology
344,Brana Simnor,Female,57,Gastroenterology
345,Gardie Colter,Male,45,Radiology
346,Bertrando Caunce,Male,33,Anesthesiology
347,Mirna Eldrett,Female,50,Immunology
348,Alyce Porson,Female,45,Immunology
349,Sylvan Maynell,Male,43,Geriatrics
350,Alfons Hudspith,Male,34,Immunology
351,Krissie Jizhaki,Female,50,Emergency medicine
352,Rachelle Moakler,Female,47,Radiology
353,Patty Bonnaire,Male,47,Immunology
354,Demetre Mahon,Male,34,Otorhinolaryngology
355,Ashien Sture,Female,53,Family medicine
356,Sandor Skirling,Male,34,Immunology
357,Fiann Chancellor,Female,54,Occupational medicine
358,Fransisco Lints,Male,47,Orthopedics
359,Hatti Duffett,Female,37,Anesthesiology
360,Kimmy Spires,Female,59,Surgery
361,Bette-ann Olley,Female,52,Orthopedics
362,Husein Djekovic,Male,38,Cardiology
363,Halie Bogue,Female,40,Emergency medicine
364,Norris Megany,Male,33,Pathology
365,Coleman Millican,Male,30,Emergency medicine
366,Orville Viel,Male,46,Radiology
367,Maud Purvey,Female,37,Pulmonology
368,Anatola Elcock,Female,51,Emergency medicine
369,Pen Antonnikov,Female,45,Emergency medicine
370,Russell Godbald,Male,56,Anesthesiology
371,Grannie Riccardini,Male,56,Internal medicine
372,Junia Wenn,Female,54,Occupational medicine
373,Tanitansy Harvie,Female,46,Otorhinolaryngology
374,Beverie Siberry,Female,33,Internal medicine
375,Hart Howse,Male,38,Otorhinolaryngology
376,Ophelie Kassel,Female,54,Geriatrics
377,Lonee Kettlewell,Female,50,Geriatrics
378,Jackquelin Polendine,Female,41,Surgery
379,Adrian Kimber,Female,42,Geriatrics
380,Raff Ransome,Male,57,Immunology
381,Konstanze Kleint,Female,43,Geriatrics
382,Duff Berrick,Male,60,Anesthesiology
383,Benji Gillespey,Male,44,Rheumatology
384,Steffen Smullen,Male,46,Internal medicine
385,Sarah Bruinsma,Female,42,Radiology
386,Teresita Maypes,Female,47,Occupational medicine
387,Burk Murton,Male,49,Geriatrics
388,Rickie Bright,Female,33,Rheumatology
389,Clem Frankham,Female,45,Cardiology
390,Liliane Macrow,Female,55,Pathology
391,Winifield Nickoll,Male,44,Urology
392,Papageno Foulgham,Male,31,Gastroenterology
393,Robbin Lortz,Female,32,Otorhinolaryngology
394,Delcine Skegg,Female,51,Occupational medicine
395,Ephrayim Deguara,Male,49,Geriatrics
396,Meryl Debnam,Female,60,Urology
397,Jameson Benford,Male,42,Family medicine
398,Blakelee Moyser,Female,42,Urology
399,Ardenia Quarry,Female,44,Surgery
400,Sherwood Cartmail,Male,49,Neurology
401,Kane Giacomucci,Male,48,Pathology
402,Camey Upcraft,Male,43,Urology
403,Kasey Toffanelli,Female,51,Radiology
404,Griffy Zecchi,Male,44,Pulmonology
405,Horace Cutbush,Male,35,Geriatrics
406,Nefen Hobbing,Male,44,Occupational medicine
407,Braden Nibley,Male,34,Anesthesiology
408,Ado Brunsen,Male,48,Internal medicine
409,Betsey Bidwell,Female,36,Geriatrics
410,Reidar Jellicorse,Male,42,Otorhinolaryngology
411,Edwina Karpol,Female,34,Rheumatology
412,Jeniece McClancy,Female,56,Geriatrics
413,Jo Gecks,Female,31,Immunology
414,Joline Gawkes,Female,46,Emergency medicine
415,Janetta Greasty,Female,33,Emergency medicine
416,Truda Knighton,Female,48,Rheumatology
417,Pearla Faulkener,Female,39,Occupational medicine
418,Denyse Coulton,Female,33,Geriatrics
419,Kathryne Clapperton,Female,41,Rheumatology
420,Rosamond Maywood,Female,46,Geriatrics
421,Dolf Vahey,Male,48,Immunology
422,Nicolle Bick,Female,45,Anesthesiology
423,Antonio Kidney,Male,54,Cardiology
424,Mathilde Rentz,Female,49,Surgery
425,Tonia Dongles,Female,39,Internal medicine
426,Holli Manach,Female,46,Urology
427,Cad Leades,Male,40,Gastroenterology
428,Kirby Savatier,Male,49,Radiology
429,Normie Barbier,Male,53,Internal medicine
430,Jethro Ledger,Male,36,Emergency medicine
431,Merry Daintier,Male,44,Cardiology
432,Guglielma Asche,Female,51,Cardiology
433,Scot Payler,Male,46,Otorhinolaryngology
434,Veronike Darmody,Female,56,Cardiology
435,Borg Hebbes,Male,37,Gastroenterology
436,Germana Storr,Female,53,Pulmonology
437,Cletus Lunam,Male,50,Rheumatology
438,Aldus Marchenko,Male,50,Geriatrics
439,Lynette Smalley,Female,33,Gastroenterology
440,Orlando Yakolev,Male,60,Orthopedics
441,Karlens Robeiro,Male,44,Cardiology
442,Roxana Tomasello,Female,49,Internal medicine
443,Blane Catlow,Male,44,Pulmonology
444,Michaelina Collocott,Female,32,Orthopedics
445,Verine Grenter,Female,50,Emergency medicine
446,Polly Josling,Female,32,Internal medicine
447,Tammara Ziehms,Female,58,Internal medicine
448,Baudoin Sergeaunt,Male,38,Geriatrics
449,Worthy Volette,Male,40,Gastroenterology
450,Dasi Licence,Female,54,Rheumatology
451,Gussy Brosnan,Female,45,Anesthesiology
452,Mindy Daniel,Female,49,Radiology
453,Oralee Thoresby,Female,56,Pulmonology
454,Jayson Plimmer,Male,55,Family medicine
455,Pate Barrabeale,Male,32,Family medicine
456,Sibel Ralph,Female,48,Occupational medicine
457,Ransell Arangy,Male,59,Immunology
458,Moina Cicerone,Female,43,Immunology
459,Felisha Penwarden,Female,55,Radiology
460,Angele Burhouse,Female,37,Neurology
461,Marjorie Swinnerton,Female,46,Surgery
462,Perle Pollastro,Female,47,Occupational medicine
463,Symon Fearnyhough,Male,60,Gastroenterology
464,Meaghan Nisbith,Female,35,Surgery
465,Sasha Emmerson,Female,46,Internal medicine
466,Mortie Adamovicz,Male,43,Surgery
467,Nevsa Mardy,Female,36,Otorhinolaryngology
468,Gabi Bezemer,Male,50,Pulmonology
469,Dewitt McGirr,Male,33,Occupational medicine
470,Sherline Malyan,Female,60,Radiology
471,Aldus Neagle,Male,34,Orthopedics
472,Natalina Carlens,Female,49,Neurology
473,Lutero Pearsey,Male,43,Emergency medicine
474,Guy Gregore,Male,59,Internal medicine
475,Maurice Osburn,Male,39,Occupational medicine
476,Mehetabel Lunbech,Female,51,Gastroenterology
477,Brandtr Baldinotti,Male,42,Anesthesiology
478,Rosene Pymar,Female,31,Neurology
479,Andriette Slate,Female,35,Gastroenterology
480,Ingemar Moizer,Male,52,Neurology
481,Maryanna Suatt,Female,49,Internal medicine
482,Joellen St. Pierre,Female,30,Radiology
483,Sybille Kaine,Female,52,Urology
484,Zachariah Leckey,Male,58,Pediatrics
485,Hewie Staning,Male,44,Neurology
486,Chilton Krauss,Male,42,Rheumatology
487,Lyman Yaneev,Male,41,Rheumatology
488,Lawrence Blaszczyk,Male,31,Surgery
489,Merwyn Tollow,Male,46,Immunology
490,Rena Johnigan,Female,34,Neurology
491,Kirbie Arangy,Female,48,Internal medicine
492,Maisie Gingold,Female,59,Otorhinolaryngology
493,Candace Inskipp,Female,57,Urology
494,Jammie Rapsey,Female,33,Pediatrics
495,Janos Brithman,Male,54,Pediatrics
496,Francis Pelerin,Male,57,Emergency medicine
497,Liam Sweetenham,Male,46,Neurology
498,Fielding Hackforth,Male,36,Occupational medicine
499,Tammi Harly,Female,55,Orthopedics
500,Nariko Sherrett,Female,60,Otorhinolaryngology
501,Gerianne Medcalf,Female,42,Orthopedics
502,Katya Oscroft,Female,52,Gastroenterology
503,Carline Farndon,Female,50,Pathology
504,Bertie McGill,Male,46,Radiology
505,Galvan Craig,Male,46,Cardiology
506,Gunner Danniell,Male,46,Urology
507,Benni Ashforth,Female,42,Pathology
508,Norris Dummer,Male,56,Urology
509,Irwinn Laffranconi,Male,39,Anesthesiology
510,Leola Tether,Female,33,Occupational medicine
511,Querida Tesh,Female,52,Gastroenterology
512,Morlee Beat,Male,51,Orthopedics
513,Robb Wiggins,Male,56,Emergency medicine
514,Edwina Whitebread,Female,35,Anesthesiology
515,Babs Lesley,Female,32,Cardiology
516,Devlin Cater,Male,36,Cardiology
517,Worthy Ingerith,Male,42,Immunology
518,Lazarus Ivanishchev,Male,46,Orthopedics
519,Cairistiona Ruddin,Female,57,Orthopedics
520,Giuditta Carbery,Female,39,Urology
521,Cathi Gland,Female,36,Urology
522,Alexis Velez,Male,48,Family medicine
523,Lynnelle Wellstood,Female,33,Urology
524,Carolus Antuk,Male,44,Emergency medicine
525,Van Atyeo,Female,51,Urology
526,Bel Valance,Female,60,Immunology
527,Torie Mandre,Female,48,Family medicine
528,Laurianne Martina,Female,48,Internal medicine
529,Nessi Vaisey,Female,45,Rheumatology
530,Mathilde Marquese,Female,53,Radiology
531,Haven Konrad,Male,36,Emergency medicine
532,Keen Giamelli,Male,33,Occupational medicine
533,Brien Scupham,Male,53,Occupational medicine
534,Caterina Melchior,Female,45,Occupational medicine
535,Retha Duffield,Female,30,Internal medicine
536,Guillema Helsdon,Female,52,Occupational medicine
537,Georges Tregent,Male,36,Anesthesiology
538,Catina Lillford,Female,46,Pediatrics
539,Alain Bows,Male,56,Otorhinolaryngology
540,Igor Ballingal,Male,58,Gastroenterology
541,Annette Gaize,Female,34,Radiology
542,Eustace Elmhurst,Male,44,Emergency medicine
543,Abbye Bernier,Female,53,Gastroenterology
544,Sorcha Belchamp,Female,43,Family medicine
545,Ennis Dixon,Male,57,Orthopedics
546,Ethan Plessing,Male,48,Family medicine
547,Greggory Blackshaw,Male,44,Occupational medicine
548,Prescott Conew,Male,58,Pediatrics
549,Reinwald Marcome,Male,52,Family medicine
550,Ddene Jiracek,Female,52,Geriatrics
551,Adriana Keaton,Female,46,Rheumatology
552,Sissie Crampin,Female,47,Pediatrics
553,Juan Slimings,Male,33,Radiology
554,Laney Glencrash,Male,35,Internal medicine
555,Bartolomeo Du Hamel,Male,52,Surgery
556,Krystyna Klemmt,Female,34,Anesthesiology
557,Natala Tiffany,Female,36,Immunology
558,Taite Gudahy,Male,60,Urology
559,Glen Shore,Female,48,Pediatrics
560,Darsey Ribbens,Female,36,Pediatrics
561,Garrek Chopin,Male,51,Occupational medicine
562,Julianna Rolls,Female,40,Pulmonology
563,Shena Cherrie,Female,43,Anesthesiology
564,Peg Durkin,Female,37,Family medicine
565,Moishe Joules,Male,31,Cardiology
566,Jacob Reyes,Male,36,Orthopedics
567,Chrissy Delf,Male,51,Internal medicine
568,Griffin Nisuis,Male,59,Rheumatology
569,Terri Maffetti,Male,54,Anesthesiology
570,Jordanna Driffe,Female,53,Rheumatology
571,Nils Roskell,Male,36,Emergency medicine
572,Wolfie Sodo,Male,47,Emergency medicine
573,Bunni Batterton,Female,51,Gastroenterology
574,Ford Guiducci,Male,48,Orthopedics
575,Harold Beall,Male,39,Radiology
576,Madge Tinner,Female,51,Surgery
577,Clementine Bringloe,Female,45,Gastroenterology
578,Kissiah Pinnijar,Female,37,Urology
579,Margot Askwith,Female,38,Radiology
580,Francisco Belton,Male,56,Anesthesiology
581,Jemmie Torfin,Female,33,Anesthesiology
582,Raoul Golding,Male,56,Immunology
583,Lorettalorna Craddock,Female,33,Internal medicine
584,Inglis Lippard,Male,56,Immunology
585,Milo Troyes,Male,60,Internal medicine
586,Edd Albert,Male,57,Otorhinolaryngology
587,Loralie Hindes,Female,56,Family medicine
588,Bordy Glennard,Male,48,Emergency medicine
589,Alexis De Bruijn,Female,38,Otorhinolaryngology
590,Chrissy Zuppa,Female,40,Geriatrics
591,Marsiella Ingram,Female,60,Surgery
592,Rey Vereker,Female,39,Rheumatology
593,Tynan Grinaway,Male,37,Cardiology
594,Vladimir Libbis,Male,31,Emergency medicine
595,Grady Gabites,Male,54,Immunology
596,Angelle Durkin,Female,47,Pathology
597,Sybyl Warner,Female,56,Rheumatology
598,Paola Jotham,Female,30,Orthopedics
599,Terry Fowley,Male,55,Pulmonology
600,Launce Snawden,Male,55,Surgery
601,Reinhard Crudginton,Male,41,Rheumatology
602,Wilden McAnulty,Male,40,Emergency medicine
603,Sibylla Pinchbeck,Female,38,Family medicine
604,Dorolice Bramwell,Female,34,Pathology
605,Heidie Strangeways,Female,47,Emergency medicine
606,Ruddy Buckley,Male,47,Occupational medicine
607,Samaria Calleja,Female,32,Internal medicine
608,Worden Simanek,Male,37,Pathology
609,Clarance Tite,Male,53,Surgery
610,Goran Dubock,Male,60,Geriatrics
611,Kelby Penritt,Male,32,Geriatrics
612,Lon Fidgett,Male,58,Gastroenterology
613,Janka Kalinowsky,Female,49,Pulmonology
614,Leonanie Eivers,Female,35,Pediatrics
615,Eleen Fluck,Female,52,Gastroenterology
616,Cilka Leving,Female,56,Pulmonology
617,Jemmie Comusso,Female,54,Radiology
618,Gordie Jeakins,Male,32,Gastroenterology
619,Gary Foote,Male,58,Anesthesiology
620,Wernher Grinnell,Male,56,Rheumatology
621,Catina McCarty,Female,43,Family medicine
622,Alexa Borrows,Female,51,Urology
623,Pip De Bischop,Male,51,Cardiology
624,Romain Elix,Male,31,Surgery
625,Oralla Hovington,Female,49,Occupational medicine
626,Stephana Boler,Female,55,Pulmonology
627,Charla Ubee,Female,31,Radiology
628,Bunnie Picott,Female,30,Rheumatology
629,Inigo Craufurd,Male,44,Geriatrics
630,Fidole Vedstra,Male,35,Neurology
631,Gerome Gippes,Male,41,Neurology
632,Edward Ebourne,Male,59,Geriatrics
633,Oren Thomson,Male,48,Immunology
634,Quinton Saintsbury,Male,44,Surgery
635,Herculie Mayou,Male,41,Emergency medicine
636,Lani Riccio,Female,40,Internal medicine
637,Aymer Segeswoeth,Male,35,Neurology
638,Lombard Huskisson,Male,37,Gastroenterology
639,Brannon Pittel,Male,48,Surgery
640,Marris Bitcheno,Female,59,Rheumatology
641,Alf Franken,Male,44,Pathology
642,Bartholemy Monkleigh,Male,47,Surgery
643,Everard Andreas,Male,33,Rheumatology
644,Tally Bluschke,Male,59,Otorhinolaryngology
645,Fremont Crosser,Male,30,Surgery
646,Clare Slayny,Male,35,Gastroenterology
647,Willy Bleasdale,Male,50,Radiology
648,Katerine Lorryman,Female,30,Gastroenterology
649,Wendall Mackieson,Male,36,Immunology
650,Arlene Tschierse,Female,33,Urology
651,Kellby Devereu,Male,39,Orthopedics
652,My Wormald,Male,57,Radiology
653,Brietta Boobyer,Female,32,Urology
654,Retha Quennell,Female,35,Pathology
655,Christie Aylesbury,Male,42,Rheumatology
656,Marc MacPake,Male,45,Emergency medicine
657,Ignacio Maevela,Male,43,Internal medicine
658,Lenette Butten,Female,52,Radiology
659,Alden Mabb,Male,40,Occupational medicine
660,Jenica Willmont,Female,35,Otorhinolaryngology
661,Rebecka Orsay,Female,46,Otorhinolaryngology
662,Craggie Gudahy,Male,57,Pulmonology
663,Avril Kelso,Female,60,Pediatrics
664,Edouard Esterbrook,Male,46,Pathology
665,Quillan Stockall,Male,41,Gastroenterology
666,Di Gentner,Female,43,Internal medicine
667,Janos Dearsley,Male,38,Surgery
668,Care Champerlen,Male,57,Pulmonology
669,Brandyn Flatte,Male,58,Urology
670,Rhiamon Bisiker,Female,34,Gastroenterology
671,Torre Greenard,Male,50,Urology
672,Oralie Breslau,Female,34,Occupational medicine
673,Tamqrah Fibbens,Female,30,Surgery
674,Martguerita Boliver,Female,45,Anesthesiology
675,Rhonda Grzelak,Female,43,Emergency medicine
676,Eyde Heather,Female,42,Neurology
677,Chrissy Garvey,Male,31,Internal medicine
678,Ahmed Sprasen,Male,40,Emergency medicine
679,Kathleen Andreu,Female,60,Orthopedics
680,Aubrette Bennie,Female,39,Pathology
681,Luke Meritt,Male,31,Surgery
682,Gerrard Metzke,Male,42,Neurology
683,Marget Rhydderch,Female,51,Gastroenterology
684,Dolf Babcock,Male,35,Surgery
685,Jami Bloxholm,Female,31,Emergency medicine
686,Edyth Pipet,Female,47,Pediatrics
687,Barney Ketteringham,Male,31,Internal medicine
688,Bevon Tobias,Male,36,Rheumatology
689,Aubrette Moen,Female,43,Gastroenterology
690,Helen-elizabeth D'Agostini,Female,32,Orthopedics
691,Tristan Filan,Male,34,Surgery
692,Amitie Weildish,Female,55,Internal medicine
693,Allyn Iddy,Female,40,Neurology
694,Orton Swalwell,Male,30,Geriatrics
695,Meier O' Driscoll,Male,54,Urology
696,Sibylla Stonuary,Female,50,Emergency medicine
697,Parker Tremonte,Male,38,Neurology
698,Mareah Thornewell,Female,40,Radiology
699,Darn Mees,Male,52,Pathology
700,Tad McAlester,Male,53,Surgery
701,Lucienne Pyett,Female,57,Immunology
702,Derby Chesley,Male,46,Occupational medicine
703,Emmie Rominov,Female,51,Urology
704,Simmonds Marcone,Male,58,Radiology
705,Maurise Dacke,Male,50,Urology
706,Rosemonde Tinham,Female,52,Internal medicine
707,Virgie Loads,Female,33,Internal medicine
708,Che Quarrie,Male,59,Emergency medicine
709,Giorgi MacQuist,Male,50,Pulmonology
710,Johna Eouzan,Female,37,Pediatrics
711,Ida Oliveras,Female,36,Family medicine
712,Papageno Finlan,Male,32,Urology
713,Immanuel Drewry,Male,35,Neurology
714,Honoria Platts,Female,55,Surgery
715,Guy Branston,Male,48,Geriatrics
716,Welby Zanazzi,Male,46,Immunology
717,Stefan McCreagh,Male,59,Emergency medicine
718,Eberhard Pepperill,Male,45,Radiology
719,Roi Hallward,Male,56,Radiology
720,Padraic Klimochkin,Male,60,Urology
721,Ashia Conor,Female,38,Cardiology
722,Willie Rove,Male,44,Orthopedics
723,Nickolas Eckly,Male,57,Emergency medicine
724,Donovan Wolfer,Male,54,Cardiology
725,Mead Feldharker,Male,35,Family medicine
726,Dorisa Falconer-Taylor,Female,60,Geriatrics
727,Kahaleel McCafferky,Male,39,Gastroenterology
728,Sarajane Toombs,Female,46,Geriatrics
729,Hogan Shimon,Male,43,Immunology
730,Keene Scurrah,Male,44,Urology
731,Catha Throssell,Female,33,Pediatrics
732,Ashlie Sambiedge,Female,30,Immunology
733,Caril Duchesne,Female,58,Radiology
734,Calley Jacobowits,Female,50,Pediatrics
735,Jeffry Schultze,Male,34,Urology
736,Shelli Beste,Female,56,Otorhinolaryngology
737,Waverley Reneke,Male,35,Rheumatology
738,Paolo Batrim,Male,32,Otorhinolaryngology
739,Mac Hackleton,Male,42,Rheumatology
740,Irwin Hebden,Male,58,Anesthesiology
741,Wylma Cumpton,Female,41,Geriatrics
742,Raimund Queen,Male,41,Neurology
743,Barty Ros,Male,59,Neurology
744,Tobe Towner,Female,39,Internal medicine
745,Kirbee Vales,Female,31,Radiology
746,Carina Muxworthy,Female,47,Geriatrics
747,Jude Woodford,Male,43,Radiology
748,Stanislas Medland,Male,42,Occupational medicine
749,Hodge Hurcombe,Male,60,Neurology
750,Terri-jo Joselin,Female,54,Radiology
751,Nomi Sygrove,Female,48,Radiology
752,Kipper Eloy,Male,34,Occupational medicine
753,Marijo Karlsson,Female,42,Gastroenterology
754,Julina Mangeot,Female,32,Otorhinolaryngology
755,Dante Normandale,Male,56,Pathology
756,Cord Janssen,Male,54,Gastroenterology
757,Tabby Eakley,Female,53,Family medicine
758,Dora Peter,Female,52,Emergency medicine
759,Mirabella Kosiada,Female,43,Urology
760,Paxon Creavan,Male,59,Immunology
761,Devonna Farnan,Female,55,Geriatrics
762,Theresa Yurocjhin,Female,38,Pulmonology
763,Hinze Cattemull,Male,53,Neurology
764,Amabel Foch,Female,36,Radiology
765,Husein Perez,Male,42,Pathology
766,Quintina Sneezum,Female,40,Neurology
767,Zollie Saberton,Male,46,Radiology
768,Gertrude MacCarrane,Female,52,Pediatrics
769,Saunderson Dix,Male,45,Radiology
770,Lyman Frank,Male,31,Pediatrics
771,Giuditta Ramsden,Female,59,Orthopedics
772,Elihu Raulston,Male,51,Emergency medicine
773,Nap Merit,Male,60,Cardiology
774,Rae Greedy,Female,38,Pediatrics
775,Stephi Delgardillo,Female,54,Rheumatology
776,Dodi Searchfield,Female,58,Rheumatology
777,Cookie Taffe,Female,51,Orthopedics
778,Myrtice Courtenay,Female,54,Orthopedics
779,Marian Bruckmann,Female,39,Emergency medicine
780,Hubert Dufore,Male,38,Radiology
781,Rebecka Madine,Female,33,Anesthesiology
782,Amye Avrashin,Female,51,Surgery
783,Darius Masham,Male,60,Surgery
784,Lolly Benettelli,Female,60,Otorhinolaryngology
785,Neron Dillaway,Male,31,Cardiology
786,Shannon Varley,Male,46,Cardiology
787,Katee Downham,Female,38,Surgery
788,Reba Chown,Female,34,Pulmonology
789,Penelope Renard,Female,48,Surgery
790,Isadora Betton,Female,49,Radiology
791,Stinky Matiewe,Male,34,Family medicine
792,Tamar Maric,Female,31,Urology
793,Alverta Staves,Female,40,Neurology
794,Josi Barter,Female,48,Emergency medicine
795,Kasey Castanho,Female,55,Internal medicine
796,Melonie Dunsleve,Female,57,Occupational medicine
797,Dusty Mosley,Female,38,Orthopedics
798,Donica Gooly,Female,59,Orthopedics
799,Karlotte Antrobus,Female,41,Orthopedics
800,Alicia Lorincz,Female,45,Occupational medicine
801,Demetre Battlestone,Male,39,Cardiology
802,Bealle Husher,Male,53,Pediatrics
803,Sutherland Ferencz,Male,43,Anesthesiology
804,Goran Tripon,Male,47,Cardiology
805,Kalie Hamflett,Female,52,Cardiology
806,Lissie Byfford,Female,35,Rheumatology
807,Marji Benford,Female,50,Urology
808,Auberon Zmitruk,Male,52,Radiology
809,Barr Attril,Male,54,Family medicine
810,Taffy Tynewell,Female,38,Emergency medicine
811,Brina Rudolf,Female,60,Internal medicine
812,Kamilah Itzkovwitch,Female,44,Emergency medicine
813,Rockwell Longcake,Male,45,Family medicine
814,Stearn Joskovitch,Male,58,Neurology
815,Nehemiah Demogeot,Male,45,Anesthesiology
816,Lamont Lownsbrough,Male,48,Geriatrics
817,Renato Danielsohn,Male,56,Radiology
818,Edythe Poacher,Female,42,Emergency medicine
819,Susan Harsnep,Female,39,Family medicine
820,Christos Calow,Male,33,Orthopedics
821,Mildred Conen,Female,34,Pulmonology
822,Major Reignould,Male,32,Pediatrics
823,Corrianne Cambridge,Female,31,Emergency medicine
824,Brier Wright,Female,37,Pediatrics
825,Abagael Hamblington,Female,54,Anesthesiology
826,Derwin Basson,Male,59,Pathology
827,Felipe Dargavel,Male,37,Pathology
828,Cornell Goathrop,Male,49,Geriatrics
829,Sandye Houlridge,Female,42,Rheumatology
830,Sargent Peyton,Male,56,Cardiology
831,Prentice Wein,Male,53,Neurology
832,Cheri Padell,Female,32,Family medicine
833,Rupert Gover,Male,38,Rheumatology
834,Maurits Folliott,Male,46,Internal medicine
835,Rik Brettoner,Male,54,Surgery
836,Vasilis Battisson,Male,34,Internal medicine
837,Eugenius MacGinley,Male,31,Geriatrics
838,Leonardo Maevela,Male,59,Occupational medicine
839,Celestina Limming,Female,55,Rheumatology
840,Sibel Borit,Female,55,Emergency medicine
841,Warren Ellacombe,Male,50,Internal medicine
842,Witty Schriren,Male,43,Immunology
843,Hersch Eykelhof,Male,36,Gastroenterology
844,Laurie Scurrer,Male,57,Immunology
845,Korney Cramb,Female,55,Radiology
846,Fletch Billion,Male,45,Pathology
847,Chic Dourin,Male,33,Otorhinolaryngology
848,Bram Rickaby,Male,54,Pediatrics
849,Alyson Axel,Female,34,Surgery
850,Idalia Sheather,Female,48,Occupational medicine
851,Devondra Sabate,Female,51,Geriatrics
852,Neddy Berkely,Male,48,Orthopedics
853,Modesta Shatford,Female,39,Gastroenterology
854,Glennie Haughan,Female,44,Family medicine
855,Kat Izatt,Female,48,Orthopedics
856,Vinnie Piercy,Male,41,Orthopedics
857,Valentijn Skeemor,Male,59,Occupational medicine
858,Salomon Honywill,Male,51,Urology
859,Keri Oliva,Female,56,Immunology
860,Gussie Staining,Female,38,Radiology
861,Fulvia Greensite,Female,56,Internal medicine
862,Cassandre Harler,Female,45,Rheumatology
863,Connie Lewsy,Female,35,Gastroenterology
864,Rob Kingcote,Male,31,Pediatrics
865,Antin Buttrick,Male,47,Cardiology
866,Felipe Cleugher,Male,42,Urology
867,Richart Mowle,Male,33,Internal medicine
868,Angel Binnall,Male,59,Family medicine
869,Brina Reggiani,Female,58,Otorhinolaryngology
870,Evangelina Ferrarello,Female,34,Emergency medicine
871,Annabal Hegerty,Female,54,Occupational medicine
872,Lorene Godfery,Female,54,Radiology
873,Rogerio Reuss,Male,40,Orthopedics
874,Brew Jenk,Male,30,Surgery
875,Nesta McKern,Female,37,Immunology
876,Myrwyn DeSousa,Male,60,Radiology
877,Theressa Gligori,Female,46,Otorhinolaryngology
878,Claudette Dingate,Female,33,Immunology
879,Rickey Parradye,Male,49,Orthopedics
880,Tobe Clay,Male,52,Surgery
881,Geri Simion,Male,59,Gastroenterology
882,Faina Barens,Female,34,Urology
883,Joete Starling,Female,38,Neurology
884,Gaylor Wenden,Male,51,Radiology
885,Norton Mouan,Male,34,Emergency medicine
886,Chelsea Squibb,Female,60,Occupational medicine
887,Em Bootyman,Male,30,Radiology
888,Karly De Zuani,Female,32,Gastroenterology
889,Sauncho Miskimmon,Male,49,Neurology
890,Livvyy Hemmingway,Female,46,Occupational medicine
891,Etienne Noller,Male,43,Immunology
892,Ara Churchley,Male,48,Pediatrics
893,Stinky Huckerbe,Male,53,Urology
894,Haleigh Andras,Male,35,Immunology
895,Almire Prangle,Female,31,Radiology
896,Julietta Maudlen,Female,57,Otorhinolaryngology
897,Alasdair Lude,Male,33,Geriatrics
898,Lanita Peascod,Female,49,Radiology
899,Creigh Blackadder,Male,37,Radiology
900,Auberon Torresi,Male,43,Pediatrics
901,Leland Vassay,Male,35,Internal medicine
902,Mack Ludovico,Male,51,Geriatrics
903,Mendie Skerratt,Male,39,Immunology
904,Dannel Moffatt,Male,40,Radiology
905,Gratia Gai,Female,56,Radiology
906,Clare Ianno,Female,54,Otorhinolaryngology
907,Rodrique Birchenough,Male,38,Radiology
908,Bonny Perfili,Female,30,Radiology
909,Alexander McCard,Male,43,Urology
910,Rich Hurdidge,Male,49,Emergency medicine
911,Conan Dorrins,Male,51,Cardiology
912,Lionel Murrthum,Male,58,Family medicine
913,Ame Brugh,Female,46,Immunology
914,Aurea Meneyer,Female,47,Pulmonology
915,Leroi Poyle,Male,41,Neurology
916,Ellene Birney,Female,51,Orthopedics
917,Virginia Sans,Female,55,Pediatrics
918,Ringo Fairburne,Male,57,Geriatrics
919,Ursuline Sincock,Female,49,Neurology
920,Gaston Rudwell,Male,50,Family medicine
921,Taryn Myford,Female,48,Orthopedics
922,Obidiah Hammarberg,Male,34,Emergency medicine
923,Mar Castiglioni,Male,40,Emergency medicine
924,Drona Di Domenico,Female,45,Urology
925,Philippine Duddridge,Female,35,Geriatrics
926,Juan Muckloe,Male,30,Neurology
927,Roxanne Eccleshare,Female,36,Orthopedics
928,Billye Ducket,Female,60,Radiology
929,Ira Byrd,Male,56,Anesthesiology
930,Todd Knibley,Male,33,Neurology
931,Had Stapley,Male,35,Rheumatology
932,Dael Windrus,Male,44,Pediatrics
933,Elna Took,Female,39,Neurology
934,Lewiss Marikhin,Male,50,Cardiology
935,Shari Burwell,Female,44,Occupational medicine
936,Dulsea Plumbe,Female,35,Pediatrics
937,Francoise Peacop,Female,55,Occupational medicine
938,Cristy Spacy,Female,52,Neurology
939,Anstice Keson,Female,38,Neurology
940,Euell Orred,Male,54,Urology
941,Jose Korba,Male,48,Cardiology
942,Whitaker Jadczak,Male,57,Cardiology
943,Nicky Gaynsford,Male,60,Neurology
944,Orran Ciabatteri,Male,43,Orthopedics
945,Clarie Wagen,Female,58,Rheumatology
946,Mervin Ingold,Male,52,Pediatrics
947,Guglielma Sparkes,Female,52,Urology
948,Yorgo Jerred,Male,59,Pediatrics
949,Stacee Winsiowiecki,Male,47,Neurology
950,Luciana Joyson,Female,58,Radiology
951,Yoshiko Colombier,Female,53,Cardiology
952,Igor Massow,Male,41,Cardiology
953,Meghan Creer,Female,37,Pediatrics
954,Granny Cominotti,Male,53,Radiology
955,Blisse Jacquemet,Female,49,Pulmonology
956,Elsbeth Scarlan,Female,36,Pediatrics
957,Ashbey Cartmell,Male,49,Neurology
958,Hermy Budcock,Male,58,Occupational medicine
959,Drusie McWilliams,Female,57,Internal medicine
960,Torrey Whetnell,Male,48,Surgery
961,Fredrick Sproat,Male,36,Emergency medicine
962,George Tidcomb,Male,50,Anesthesiology
963,Jessy Kowalski,Female,39,Family medicine
964,Rene Conrart,Female,56,Radiology
965,Randa Thews,Female,33,Radiology
966,Katey Dory,Female,30,Internal medicine
967,Borg Timbridge,Male,37,Anesthesiology
968,Constancia Kennifick,Female,44,Emergency medicine
969,Elliot Brackstone,Male,42,Internal medicine
970,Leyla Prendeguest,Female,35,Occupational medicine
971,Giacopo Abyss,Male,42,Rheumatology
972,Caryl Abercromby,Male,37,Rheumatology
973,Halsey Sabate,Male,58,Radiology
974,Farr Spracklin,Male,41,Orthopedics
975,Rube Van Hault,Male,56,Otorhinolaryngology
976,Aridatha MacCarroll,Female,53,Pediatrics
977,Mile Pashan,Male,43,Rheumatology
978,Stacie Wrennall,Female,33,Radiology
979,El Castelot,Male,56,Anesthesiology
980,Leonie Josham,Female,38,Gastroenterology
981,Jory Gaiger,Male,54,Radiology
982,Jacob Penketh,Male,46,Radiology
983,Theo Renfree,Male,42,Surgery
984,Denna Cana,Female,56,Orthopedics
985,Sarine Bourchier,Female,49,Neurology
986,Gaspard Yoell,Male,47,Radiology
987,Margie Casse,Female,31,Occupational medicine
988,Noelani Dumsday,Female,32,Rheumatology
989,Maris Saynor,Female,47,Cardiology
990,Giacinta Pounsett,Female,32,Surgery
991,Gillie McIlvenny,Female,30,Orthopedics
992,Natka Davern,Female,30,Orthopedics
993,Karlis Reyne,Male,40,Internal medicine
994,Gill Pashley,Male,57,Orthopedics
995,Celle MacLeese,Female,50,Pediatrics
996,Guilbert Jaher,Male,46,Cardiology
997,Isaiah Athridge,Male,49,Pulmonology
998,Casie Searight,Female,30,Occupational medicine
999,Amata de Mendoza,Female,35,Internal medicine
1000,Wolf Gregorace,Male,45,Neurology
